번호,사례,층,도입목적,우선순위규칙,적용범위,작성방식,소유고정,계약고정,A4_제도정합,A5_점검,발견장치_위반영역도달,제3자적용,외부가해위기_B,자기원인위기_B,교정동인,Bprime_가치비용결정,핵심근거등급
1,J&J,심층,창업가문 철학 명문화(상장 전),강(이해관계자 순서),이해관계자,하향→경영진 토론,무,무,미확인(비용압박기 보도),+(Credo설문),미확인,미확인,일치(1982),불일치(2009 팬텀리콜),외부,유(1982 전국회수),I-A(2009~11)/I-B(1982 사후서술)
2,Toyota,심층,규모확대·글로벌 명문화,강(안전>품질>물량·증언),운영,하향(가치 추출),무,무,−(물량 확대기),+(2010 이후 품질),아니오,미확인,해당없음,불일치→교정,외부,무,I-A(NHTSA·DOJ·조사위)
3,Kyocera/JAL,심층,턴어라운드·이식,약(종업원 행복 우선),운영+인생관,이식+현장대표 작성,무,무,+(아메바 관리회계),미확인,아니오(음주 반복),미확인,일치(2024 하네다·귀속 불확실),예방실패(음주),외부(국토교통성),무,I-A(판결·처분)/I-B
4,Enron,심층,미확인(준법·평판 추정),무(목록형),윤리,하향,무,무,−(PRC 강제배분),−(이사회 예외승인),아니오,미확인,해당없음,불일치,없음(제도차원 SOX),무,I-A(의회·법원·DOJ)
5,Ritz-Carlton,심층,운영 표준화,중(고객이 최고 사명),운영(좁음),하향(설계자),무,무,+(선발),+(품질측정),미확인,미확인,일치(2009 자카르타),미시험,해당없음,무,I-C(2차 비중 높음)/I-A(NIST)
6,HP,심층,규모확대 명문화,약,이해관계자,경영진 공동,무(창업가문 1표),무,+→−(창업자기→외부CEO기),미확인,미확인,미확인,해당없음,혼재(2006 불일치/2010 CEO에 적용),혼합,유(1970 9일격주제),I-A(청문회)/I-C(회사 아카이브)
7,IBM,심층,창업2세대 명문화→위기 재해석→참여 재정립,무,관계(고객·혁신·신뢰),참여(ValuesJam),무,무,혼합(보상+ / PBC·감원−)→+(2016),+(BCG 서약),아니오,미확인,해당없음,불일치(FCPA·고령차별 판정),외부,유(2003 CEO 보너스 재배분),I-A(SEC·EEOC)/I-B(Jam)
8,Tata,심층,그룹 통합·브랜드 보호,약,윤리+사회,지주사 명문화+계약전파,유(신탁 66%),유(BEBP),+(지주)/계열사 혼재,+(MBE·윤리책임자),부분(Air India 자진신고),미확인,일치(2008 Taj),혼재(TCS 불일치/DoCoMo 이행/Air India 위반+자진신고),혼합,유(Taj 유족 보상),I-A(판결·규제)/I-D(2026 분쟁)
9,Merck,비교,창업가문 선언,무(가치=이익 명제),환자·사회,하향,무,무,미확인,미확인,아니오,미확인,해당없음,불일치(Vioxx),외부(철수는 데이터 확정 후 자발),유(1987 Mectizan),I-A(DOJ·NEJM)
10,Patagonia,비교,창업자 철학·사명,약,환경·사회,창업자,유(2022 신탁·비영리),무,+(성장억제·현금보유),+(공급망 감사),예(2차 협력사),예(이주노동자 기준),해당없음,교정(자체발견·자진공개; 4년 지연),자발,유(1996 유기농·2022 소유이전),I-B
11,Novo Nordisk,비교,TBL 경영,약(3개 축),이해관계자,경영진,유(재단 의결권 77%),법적(정관 TBL),미확인,++(Facilitation),아니오(영업·해외계약),미확인,해당없음,불일치(이라크·Victoza),외부,미확인,I-A(DOJ·SEC)
12,Mahindra,비교,그룹 브랜드·목적(Rise),약,이해관계자,경영진,무(창업가문 약19%·연방형),무,미확인,미확인,아니오(외부 사건),아니오(외주 사각지대),해당없음,혼합(Finance 사고: 선발표→규제 강제),혼합,유(Satyam 지배구조 이식),I-A(RBI)/I-B
13,Wells Fargo,비교,비전·가치 선언,무,고객,하향,무,무,−("Eight is great"),−(핫라인 보복 증언),아니오,미확인,해당없음,불일치,외부,무,I-A(DOJ·CFPB·OSHA)
14,Volkswagen,비교,행동강령(준법),무,윤리,하향,무,무,−(목표 지상주의),미확인,아니오(외부 연구진 발견),미확인,해당없음,불일치(발견 후 부인),외부(감독관),무,I-A(DOJ·EPA)
15,Siemens,비교,위기 후 준법 재건,무,윤리,외부출신 경영진,무,무,+(준법을 평가에 반영·재건 후),+(전담 조직),부분(재건 후 경고무시 보도),미확인,해당없음,불일치(2006 이전)→재건,외부(감독관),유(Integrity Initiative·합의 일부),I-A(DOJ·SEC)/I-C(2021 보도)
16,Amazon,비교,고객중심 원칙,무(모든 원칙 동등),고객·성과 중심(2021 직원 추가),창업자,무,무,+(채용·평가 직결; 성과가치 편향),미확인,아니오(상원 판단),미확인,해당없음,불일치(안전·상원 판단·회사 반박),외부(OSHA)/상원,무,I-A(상원·노동부)
17,Microsoft,비교,문화 전환(대조군),무,문화 원칙,CEO,무,무,+(2013 강제순위 폐지),미확인,아니오(헝가리 외부발견),미확인,해당없음,불일치(헝가리),외부/상향(8200),무,I-A(SEC)/I-B
18,Google,비교,모토(대조군),무,모토,창업자,유(창업자 차등의결),무,미확인,미확인,아니오,미확인,해당없음,불일치(독점판결·퇴직금),상향+외부,유(2004 서한의 단기이익 포기 약속)→후퇴,I-A(판결·서한)
